Age,Discard_Sel
0,0
1,0.000987604
2,0.020703437
3,0.040150728
4,0.260435067
5,0.395411657
6,0.163220153
7,0.093592213
8,0.016055576
9,0.006602873
10,0.001786886
11,0.000660004
12,0.000236968
13,8.55522E-05
14,3.87477E-05
15,2.02588E-05
16,1.22763E-05
