Age,N
0,12382.79743
1,9740.653456
2,7660.35052
3,6014.638819
4,5105.381433
5,1067.738745
6,4084.658384
7,2613.813864
8,623.1654483
9,934.9767713
10,153.4914063
11,367.4315667
12,278.4135294
13,300.6992833
14,172.9102653
15,96.80819266
16,266.3366213
